IdCurrency;CurrencyDescription
ADP;Andoran peseta
AED;United Arab Emirates Dirham
AFA;Afghani (Old)
AFN;Afghani
ALL;Albanian Lek
AMD;Armenian Dram
ANG;West Indian Guilder
AOA;Angolanische Kwanza
AON;Angolan New Kwanza (Old)
AOR;Angolan Kwanza Reajustado (Old)
ARS;Argentine Peso
ATS;Austrian Schilling
AUD;Australian Dollar
AWG;Aruban Guilder
AZM;Azerbaijan Manat
BAM;Bosnia and Herzegovina Convertible Mark
BBD;Barbados Dollar
BDT;Bangladesh Taka
BEF;Belgian Franc
BGN;Bulgarian Lev
BHD;Bahrain Dinar
BIF;Burundi Franc
BMD;Bermudan Dollar
BND;Brunei Dollar
BOB;Boliviano
BRL;Brazilian Real
BSD;Bahaman Dollar
BTN;Bhutan Ngultrum
BWP;Botswana Pula
BYB;Belorussian Ruble (Old)
BYR;Belorussian Ruble
BZD;Belize Dollar
CAD;Canadian Dollar
CDF;Congolese Franc
CFP;French Franc (Pacific Islands)
CHF;Swiss Franc
CLP;Chilean Peso
CNY;Chinesische Yuan (international)
COP;Colombian Peso
CRC;Costa Rica Colon
CSD;Serbian Dinar
CUP;Cuban Peso
CVE;Cape Verde Escudo
CYP;Cyprus Pound
CZK;Czech Krona
DEM;German Mark
DJF;Djibouti Franc
DKK;Danish Krone
DOP;Dominican Peso
DZD;Algerian Dinar
ECS;Ecuadorian Sucre (  > USD)
EEK;Estonian Krone
EGP;Egyptian Pound
ERN;Eritrean Nafka
ESP;Spanish Peseta
ETB;Ethiopian Birr
EUR;European Euro
FIM;Finnish markka
FJD;Fiji Dollar
FKP;Falkland Pound
FRF;French Franc
GBP;British Pound
GEL;Georgian Lari
GHC;Ghanian Cedi
GIP;Gibraltar Pound
GMD;Gambian Dalasi
GNF;Guinean Franc
GRD;Greek Drachma
GTQ;Guatemalan Quetzal
GWP;Guinea Peso
GYD;Guyana Dollar
HKD;Hong Kong Dollar
HNL;Honduran Lempira
HRK;Croatian Kuna
HTG;Haitian Gourde
HUF;Hungarian Forint
IDR;Indonesian Rupiah
IEP;Irish Punt
ILS;Israeli Scheckel
INR;Indian Rupee
IQD;Iraqui Dinar
IRR;Iranian Rial
ISK;Iceland Krona
ITL;Italian Lira
JMD;Jamaican Dollar
JOD;Jordanian Dinar
JPY;Japanese Yen
KES;Kenyan Shilling
KGS;Kyrgyzstan Som
KHR;Cambodian Riel
KMF;Comoros Franc
KPW;North Korean Won
KRW;South Korean Won
KWD;Kuwaiti Dinar
KYD;Cayman Dollar
KZT;Kazakstanian Tenge
LAK;Laotian Kip
LBP;Lebanese Pound
LKR;Sri Lankan Rupee
LRD;Liberian Dollar
LSL;Lesotho Loti
LTL;Lithuanian Lita
LUF;Luxembourg Franc
LVL;Latvian Lat
LYD;Libyan Dinar
MAD;Moroccan Dirham
MDL;Moldavian Leu
MGA;Madagascan Ariary (New)
MGF;Madagascan Franc (Old
MKD;Macedonian Denar
MMK;Myanmar Kyat
MNT;Mongolian Tugrik
MOP;Macao Pataca
MRO;Mauritanian Ouguiya
MTL;Maltese Lira
MUR;Mauritian Rupee
MVR;Maldive Rufiyaa
MWK;Malawi Kwacha
MXN;Mexican Pesos
MYR;Malaysian Ringgit
MZM;Mozambique Metical
NAD;Namibian Dollar
NGN;Nigerian Naira
NIO;Nicaraguan Cordoba Oro
NLG;Dutch Guilder
NOK;Norwegian Krone
NPR;Nepalese Rupee
NZD;New Zealand Dollars
OMR;Omani Rial
PAB;Panamanian Balboa
PEN;Peruvian New Sol
PGK;Papua New Guinea Kina
PHP;Philippine Peso
PKR;Pakistani Rupee
PLN;Polish Zloty (new)
PTE;Portuguese Escudo
PYG;Paraguayan Guarani
QAR;Qatar Rial
RMB;Chinesische Renminbi (national)
ROL;Romanian Leu
RUB;Russian Ruble
RWF;Rwandan Franc
SAR;Saudi Riyal
SBD;Solomon Islands Dollar
SCR;Seychelles Rupee
SDD;Sudanese Dinar
SDP;Sudanese Pound
SEK;Swedish Krona
SGD;Singapore Dollar
SHP;St.Helena Pound
SIT;Slovenian Tolar
SKK;Slovakian Krona
SLL;Sierra Leone Leone
SOS;Somalian Shilling
SRD;Surinam Dollar
SRG;Surinam Guilder (Old)
STD;Sao Tome / Principe Dobra
SVC;El Salvador Colon
SYP;Syrian Pound
SZL;Swaziland Lilangeni
THB;Thailand Baht
TJR;Tajikistani Ruble (Old)
TJS;Tajikistani Somoni
TMM;Turkmenistani Manat
TND;Tunisian Dinar
TOP;Tongan Paanga
TPE;Timor Escudo
TRL;Turkish Lira (Old)
TRY;Turkish Lira
TTD;Trinidad and Tobago Dollar
TWD;New Taiwan Dollar
TZS;Tanzanian Shilling
UAH;Ukraine Hryvnia
UGX;Ugandan Shilling
USD;United States Dollar
USDN;(Internal) United States Dollar ( Dec.)
UYU;Uruguayan Peso (new)
UZS;Uzbekistan Som
VEB;Venezuelan Bolivar
VEF;Venezuelan Bolivar Hard
VND;Vietnamese Dong
VUV;Vanuatu Vatu
WST;Samoan Tala
XAF;Gabon CFA Franc BEAC
XCD;East Carribean Dollar
XDS;St. Christopher Dollar
XEU;European Currency Unit (E.C.U.)
XOF;Benin CFA Franc BCEAO
XPF;CFP Franc
YER;Yemeni Ryal
YUM;New Yugoslavian Dinar (Old)
ZAR;South African Rand
ZMK;Zambian Kwacha
ZRN;Zaire (Old)
ZWD;Zimbabwean Dollar